{
    "utterances": [
        {
            "text": "Hello",
            "entities": [],
            "traits": [],
            "intent": "sayhello"
        },
        {
            "text": "hello",
            "entities": [
                {
                    "entity": "greeting:greeting",
                    "start": 0,
                    "end": 5,
                    "body": "hello",
                    "entities": []
                }
            ],
            "traits": [],
            "intent": "sayhello"
        },
        {
            "text": "hi",
            "entities": [
                {
                    "entity": "greeting:greeting",
                    "start": 0,
                    "end": 2,
                    "body": "hi",
                    "entities": []
                }
            ],
            "traits": [],
            "intent": "sayhello"
        },
        {
            "text": "hi there",
            "entities": [
                {
                    "entity": "greeting:greeting",
                    "start": 0,
                    "end": 8,
                    "body": "hi there",
                    "entities": []
                }
            ],
            "traits": [
                {
                    "trait": "wit$greetings",
                    "value": "true"
                }
            ],
            "intent": "sayhello"
        }
    ]
}
